{"cameraMode":{"drawMode":0,"name":"Shaded","section":"Shading Mode"},"sceneLighting":false,"audioPlay":false,"sceneViewState":{"m_AlwaysRefresh":false,"showFog":true,"showSkybox":true,"showFlares":true,"showImageEffects":true,"showParticleSystems":true,"showVisualEffectGraphs":true,"m_FxEnabled":true},"in2DMode":false,"pivot":{"x":-0.21831203997135163,"y":5.246023654937744,"z":10.224226951599121},"rotation":{"x":-0.0063982754945755009,"y":-0.9828973412513733,"z":0.18069598078727723,"w":-0.034800611436367038},"size":1.0187300443649293,"orthographic":false}